Id,Modularity Class
#网络包工头#,1
#无聊又睡不着看直播造医院#,1
#共同战疫#,1
#叉酱铲酱#,1
#小叉车[超话]#,1
#云监工#,1
#挖掘机天团#,1
#云监工火神山建设#,1
#中国加油#,1
#直击火神山医院施工现场#,1
#武汉火神山医院#,1
#火神山直播#,1
#武汉雷神山医院#,1
#千万云监工的聪明才智#,1
#雷神山叉车c位出道#,1
#雷神山医院规模扩大#,1
#守护全世界最好的叉酱#,1
#叉酱铲酱变网红#,1
#逆行中的她们#,1
#宅在家能无聊到什么程度#,1
#小叉车#,1
#4000万闲疯帝在线监工#,1
#看见女性劳动者#,1
#等国家说可以出门的时候#,1
#疫情24小时#,1
#挖掘机助力榜#,1
#李宇春[超话]#,1
#雷神山火神山建设最前线！#,1
#过年被禁足的你#,1
#抗疫朋友圈#,1
#初五迎财神#,1
#小蓝#,1
#新型冠状病毒感染的肺炎#,1
#雷神山小叉车#,1
#专家回应假期是否需再延长#,1
#人类的命运之路#,1
#蓝忘机#,1
#新闻联播#,1
#云监工武汉建医院#,1
#大年初五#,1
##挖掘机天团#,1
#李宇春#,1
#网络监工#,1
#雷神山火神山建设最前线!#,1
#大年初四#,1
#监工#,1
#挖掘机101#,1
#小铲车[超话]#,1
#挖掘机小黄[超话]#,1
#挖掘机小小黄[超话]#,1
#呕泥酱[超话]#,1
#渣土车小绿[超话]#,1
#泵车小红[超话]#,1
#汽车吊大黄[超话]#,1
#直击武汉雷神山医院建设#,1
#雷神山直播#,1
#我是你的XX[音乐]#,1
#李宇春超话#,1
#疫情中可爱的人#,1
#史上最强甲方团队上线#,1
##无聊又睡不着看直播造医院#,1
#李宇春［超话］#,1
#我是你的XX#,1
#央视频#,1
#呕泥酱#,1
#火神雷神应援团#,1
#确诊患者同程查询#,1
#央视偶尔也要皮一下#,1
#全国卫视减少娱乐性节目#,1
#武汉伢的城市生病了#,1
#顺丰#,1
#隔离日记#,1
#我是你的xx-李宇春[音乐]#,1
#疫情防控交通动态#,1
#4000万网友熬夜云监工#,1
#直击武汉防控一线#,1
##小叉车#,1
#疫情防控蓝鲸快报#,1
#呆在家里为国家做贡献#,1
#宅家里宅出的新花样#,1
#无聊的时候你都在干什么#,1
#姜思达#,1
#全民云监工#,1
#呕泥酱拟人#,1
#抱熊氏超轻粘土#,1
#抱熊氏粘土教程#,1
#抱熊氏手工材料店#,1
#财神精神#,1
#早知道假期这样你会干什么#,1
#看见女性的力量#,1
#为身边的女性点赞#,1
#今日记事#,1
#每日流水账打卡#,1
#慢直播#,1
#武汉发来的快递不用拒收#,1
#中国为什么被叫做基建狂魔#,1
#防疫情大赛#,1
#医护人员感染新型肺炎应认定工伤#,1
#克罗地亚一军用直升机坠海#,1
##小铲车[超话]#,1
#武汉微直播#,1
#成都艺术职业大学#,1
#成艺团委学生会#,1
#网友云监工医院建设是种激励#,1
#人民战疫#,1
#武汉协和医院急缺防护物资#,1
#人民网记者武汉日记#,1
#年终讲#,1
#雷神山火神山医院建设现场直播#,1
#延安大学[超话]#,1
#欢乐延大#,1
#退伍军人自发建设火神山医院#,1
#无人机监控村里的老奶奶#,1
#探访武汉火神山医院施工现场#,1
#致自己#,1
#nznd组合[超话]#,1
#如果我开挖掘机你还会爱我吗#,1
#奚梦瑶#,1
#吴秀波#,1
#蒋劲夫#,1
#女网警说#,1
#宅在家的正确姿势#,1
#余甜#,1
#打发无聊的快乐宝藏#,1
#战疫实录#,1
#确诊患者同程查询工具#,1
#看见女性工作者#,1
#迎财神#,1
#最新疫情报道#,1
#24小时直播雷神山医院建设进展#,1
#独孤策[超话]#,1
#人民万岁#,1
#探访火神山医院样板间#,1
#武汉将再建雷神山医院#,1
#博君一肖[超话]#,1
#博君一肖#,1
#武汉封城众志成城#,1
#中国一点都不能少[超话]#,1
#封城不封爱#,1
#魔道祖师[超话]#,1
#工程机械101#,1
#新烫的头白做了#,1
#宽窄世界#,1
#兰州生活#,1
#这几天我最想不通的事#,1
#闽南师范大学[超话]#,1
#夏日之阳新传热点案例分析#,1
#新传考研[超话]#,1
#雷神山火神山建设最前线#,1
#追星女孩当监工之后#,1
#抗击疫情，京东物流在行动#,1
#在岗的武汉快递小哥#,1
#各行各业女性都强#,1
#消除就业性别歧视#,1
#巾帼英雌#,1
#请后台私信父母打麻将坐标#,1
#雷神山医院设计规模扩大#,1
#主播说联播#,1
#每日一善[超话]#,1
#无聊就看武汉直播造医院#,1
#退伍军人永不褪色#,1
#虚假截获顺丰口罩男子行拘15日#,1
#硬核女包工头胡晓红#,1
#女人在保家卫国#,1
#抗疫武汉日记#,1
#新年摞麻将大赛#,1
#奋进新时代，青年当志强#,1
##雷神山开始搭建板房#,1
#全国人民花式抗疫大赏#,1
#宅在家都干啥#,1
#武汉小伙戴口罩街头跑步#,1
#听说你们很无聊#,1
#考虫mark#,1
#当代网友因为无聊做出的奇奇怪怪的事#,1
#电信5G#,1
#加勒比故事#,1
#90万人不睡觉看武汉造医院#,1
#在客厅都能干什么#,1
#香港警察[超话]#,1
#你监工哪个医院#,1
#厦门分享#,1
#俄罗斯大卫[超话]#,1
#武汉时间#,1
#小乔播报#,1
#小叉车超话#,1
#全世界最努力的叉酱#,1
#武汉红十字会回应售卖寿光蔬菜#,1
#辽宁大学[超话]#,1
##雷神山医院全部通电#,1
#宅家超话打卡#,1
#自娱自律的国民#,1
#火神山网络包工头#,1
#雷神山直播间人数破千万#,1
#千万留念#,1
#火神山2月3日可收治病人#,1
#早安[超话]#,1
#航拍雷神山医院建设现场#,1
#雷神山医院病床增加到1600张#,1
#直播雷神山#,1
#宅在家监工雷火神山直播造医院#,1
#在家里无聊如何打发时间#,1
#深夜语人生#,1
#2000万网友云监工火神山医院#,1
#教育部通知延期开学#,1
#武汉参照小汤山建专门医院#,1
#小瓜分享#,1
#bilibili#,1
#黑龙江职业学院[超话]#,1
#我承认我很无聊#,1
#抗击疫情我们在行动#,1
#永州肺炎#,1
#小酒罐分享#,1
#我想出去玩#,1
#火神山雷神山医院建造过程慢直播#,1
#coronavirus#,1
#从发病曲线看尚未达到高峰平台期#,1
#新媒体运营官[超话]#,1
#湖南交通工程学院的[超话]#,1
#湖北17岁脑瘫儿独自在家6天死亡#,1
#雷神山叉酱司机现身#,1
#直播火神山#,1
#全国确诊新型肺炎病例#,2
#武汉火神山医院第一间病房建成#,2
#最新疫情地图#,2
#雷神山医院工人没谈报酬就赶到工地#,2
#500万人离开武汉#,2
#河南硬核#,2
#湖北省长表示痛心内疚自责#,2
#华南海鲜市场存在大量新冠病毒#,2
#致敬疫情前线医护人员#,2
#新型肺炎抗疫全记录#,2
#武汉未来3天或将开放5000张床位#,2
#韩红更新捐款名单#,2
#致敬疫情前线最美逆行者#,2
#河南师傅支援火神山医院建设#,2
#万万没想到这个问题会成真#,2
#湖北多地急需防疫物资捐助#,2
#淡然处之03#,2
#武汉15名医务人员感染新型冠状病毒#,2
#致敬战斗在一线的医护人员#,2
#武汉市长戴口罩召开新闻发布会#,2
#药店10倍价格卖口罩被查处#,2
#武汉多家医院急需防护物资#,2
#这19列车次车厢内有新型肺炎患者#,2
#湖北医疗物资缺口亟待支援#,2
#航拍火神山施工第四天#,2
#新型冠状病毒潜伏期也有传染性#,2
#风恬月朗#,2
#4096名武汉游客仍在境外#,2
#疫情解除前全国禁止野生动物交易#,2
#网络述年#,2
#科比去世#,2
#河南版小汤山医院开建#,2
#全民携手抗疫情#,2
#春节假期延长至2月2日#,2
#武汉医务人员称物资严重不足#,2
#首座假期延长城市#,2
#湖北加油武汉挺住#,2
#华为向武汉捐赠3000万#,2
#快乐大本营取消播出#,2
#内蒙古30吨马铃薯驰援武汉#,2
#500多万人离开武汉#,2
#被感染医护人员向镜头比OK#,2
#湖北加油#,2
#舞帝传媒#,2
#舞帝传媒[超话]#,2
#利哥[超话]#,2
#沈阳身边事#,2
#呆在家里的我有多无聊#,2
#湖北3名干部防控疫情不力被查处#,2
#火神山医院2月2日整体移交军方#,2
#从武汉回来请自行隔离#,2
#可以重启2020吗#,2
#火神山雷神山医院名字缘起#,2
#500万人去了哪儿#,2
#来抄河南的作业#,2
#全国累计确诊新型肺炎2744例#,2
#9个月婴儿新型肺炎病例#,2
#急诊科医生#,2
#电视剧神预言新型冠状病毒#,2
#新型肺炎症状#,2
#肺炎症状#,2
#向所有医护人员致敬#,2
#陕西出现一名9岁新型肺炎病例#,2
#无锡密切接触者拒不配合被强制隔离#,2
#哈尔滨[超话]#,2
#哈尔滨生活#,2
#新型冠状病毒怕酒精不耐高温#,2
#老赵说事[超话]#,2
#深圳身边事#,2
#深圳[超话]#,2
#微信散布疫情谣言或被永久封号#,2
#小伙实拍武汉现状破除谣言#,2
#硬核劝返点大赏#,2
#从重查处口罩大幅涨价行为#,2
#今晚没有白岩松对话钟南山#,2
#美国恶霸犬#,2
#北京出现9个月大婴儿感染新型肺炎#,2
#河南村庄为阻走亲友挖掘机断路#,2
#请相信中国政府#,2
#北京市不封城#,2
#春节自娱自乐大赛#,2
#三联在行动#,2
#抗击新型肺炎各地公益行动#,2
#我终于知道为什么要遛狗了#,2
#适当延长春节假期#,2
##冰川冻土停刊#,2
#鄂州身边事#,2
#羊肉炸鱼块#,2
#外太空的麦麦老师#,2
#河南首批医疗队驰援武汉#,2
#我在疫情一线#,2
#武汉对感染患者收住情况专项督查#,2
#对症和中药治愈北京2例新型肺炎患者#,2
#党中央成立应对疫情工作领导小组#,2
#刑警成亮日记[超话]#,2
#不让一滴污水进入地下#,2
#武汉火神山医院建设现场#,2
#每逢国家有事，中国人家国情怀的力量就彰显无疑。这股力量也是让某些国家发自内心恐惧，一直妄图摧毁的[good]可惜，湖北和武汉的同胞们，用自己的行动再次告诉世界，中国人就是这么刚！抗战时是，抗疫情时更是[作揖]致敬这些无私奉献的人们[拳头]#,2
#今日最佳#,2
#华为#,2
#全力抗击新型冠状病毒肺炎#,2
#科比女儿Gigi去世#,2
#新型肺炎确诊病例首现9个月婴儿#,2
#解放军医疗队全部进入一线科室#,2
#疫情实时播报#,2
#河南省长#,2
#买10万只口罩租车运回家乡#,2
#各地飞机喷洒消毒药水都是谣言#,2
#河南启动一级应急响应#,2
#上海爆料#,2
#高能#,2
#武汉雷神山医院开工#,2
#全国新增444例新型肺炎确诊病例#,2
#河南大哥一人打车支援武汉#,2
#中国疾控中心开始研发疫苗#,2
#直击武汉火神山医院建设现场#,2
#黄石确诊31例新型肺炎#,2
#这些医院需要医护物资#,2
#亲戚来了打110带走#,2
#如何劝爸妈重视疫情#,2
#我的春节假期安排#,2
#大年初一全国票房仅181万#,2
#新衣服白买了#,2
#一件睡衣扛过整个春节#,2
#930新闻眼#,2
#沈阳紧急向武汉运130吨大白菜#,2
#武汉肺炎系列报道#,2
#云南确诊病例增至26例#,2
#河南村支书回应暴躁喊话#,2
#沈阳向武汉运130吨大白菜#,2
#新闻联播主播倡议大家戴上口罩#,2
#晚安#,2
#易学取名#,2
#绵阳记录#,2
#孟鹤堂周九良晋级#,2
#华南海鲜市场存在着大量新型冠状病毒#,2
#安徽新型肺炎确诊病例增长快#,2
"#除夕夜,军医出征#",2
#愿你遇到的人都是温暖的#,2
#喜乐汇豪车#,2
#杭州拒绝空投#,2
#浙江省拒绝空投#,2
#网友在家自娱自乐花样不断#,2
#大吉大利晚上吃鸡[超话]#,2
#今年要不要出门拜年#,2
#春节最流行的拜年姿势#,2
#武汉肺炎疫情#,2
#电视依然年轻[超话]#,2
#周口#,2
#奋战在抗疫一线的人民子弟兵#,2
#火神山医院地块穿上防护衣#,2
#华为捐款#,2
#武汉将再建“小汤山”医院#,2
#商丘爆料#,2
#火神山医院已完成场坪建设#,2
#河南师傅支持武汉#,2
#周口同城#,2
#关注周口新冠肺炎疫情#,2
#河南村长#,2
#驻马店爆料#,2
#丈夫送妻子支援武汉哭喊我爱你#,2
#科比因直升机坠毁丧生#,2
#医护人员发放临时性工作补助#,2
#防肺炎严格到狗#,2
#思想者互动#,2
#相信武汉#,2
#德眼看世界#,2
#河南医疗队带纸尿裤支援武汉#,2
#武汉ICU医生的心愿#,2
#胡歌的红包#,2
#插画[超话]#,2
#泾法播报#,2
#泉州生活百科[超话]#,2
#郑州今日热点[超话]#,2
#无锡抗击新型肺炎第一线#,2
#求求你们救救我爸爸#,2
#工作#,2
#全国共确诊新型冠状病毒肺炎5926例#,2
#武汉火神山医院已完成场坪建设#,2
#河南村支书送5吨蔬菜支援武汉#,2
#武汉小伙自愿逆行支援雷神山#,2
#火神山医院300余板房搭起骨架#,2
#雷神山网红叉酱司机现身#,2
#2020年春节假期延长至2月2日#,2
#成都废弃口罩收集桶#,2
#米虫路边社[超话]#,2
#郑州新型冠状病毒隔离病房开建#,2
#水貂#,2
#小浪看天下#,2
#禁止食用野生动物直播或短视频#,2
#锦衣之下#,2
#瞅瞅俺们河南人中不中#,2
#阻击疫情在三湘#,2
#玉米爱心基金#,2
#防控新型冠状病毒肺炎陕西在行动#,2
#河南新增51例确诊病例#,2
#武汉火神山医院一间病房建成#,2
#450人医疗救助队伍除夕夜抵达武汉#,2
#2020新年第一个愿望#,2
#武汉协和医护人员临床症状得到控制#,2
#河南小伙泪别赴武汉医护亲人#,2
"#志愿青春,young在财管#",2
#平安2020#,2
#赣州推荐#,2
#篮球明星科比坠机身亡#,2
#湖北新增死亡病例15例#,2
#明星捐款#,2
#小汤山建设者50个小时没睡觉#,2
#健康就好#,2
#全国新型肺炎新增769例#,2
#江苏累计确诊新型肺炎47例#,2
#武汉捐款#,2
#历史#,2
#女报记者武汉纪事#,2
#湖北防疫物资捐助信息汇总#,2
#武汉医疗物资短缺#,2
#武汉市长说确诊病例可能再增加约1000例#,2
#武汉加油#,3
#抗击新型肺炎第一线#,3
#武汉小汤山医院定名火神山医院#,3
#武汉封城#,3
#武汉多家医院物资紧张#,3
#首个新冠病毒检测试剂盒通过检验#,3
#疫情地图#,3
#武汉24小时捐赠电话#,3
#除夕夜空军3架运输机飞抵武汉#,3
#抗击新型肺炎企业公益在行动#,3
#武汉版小汤山工人年夜饭#,3
#三所军医大学450人医疗队支援湖北#,3
#新型冠状病毒肺炎很可能来自野味#,3
#野味肺炎#,3
#武大人民医院急需防护物资#,3
#武大中南医院急需防护物资#,3
#武汉新冠肺炎社会捐赠方式#,3
#武汉雷神山医院急需防护物资#,3
#武汉医院收到匿名除夕饺子#,3
#重症隔离病房中的除夕#,3
#火神#,3
#武汉多家医院请求支援#,3
#手绘#,3
#大年初一#,3
##武汉小汤山医院定名火神山医院#,3
#日本民间捐100万只口罩驰援武汉#,3
#大年三十#,3
#台湾确诊首例新型冠状病毒肺炎患者#,3
#武汉紧急求援#,3
#新加坡抵杭州一架航班所有乘客隔离#,3
#雷神#,3
#苏宁在行动#,3
#湖北不止有武汉#,3
#高平新闻中心：洛匹那韦/利托那韦在新型肺炎临床治疗中取得效果#,3
#好消息！中国疾控中心开始研发新型冠状病毒疫苗，期待早日成功！#,3
#好消息！又一例病人出院！这次是北京！#,3
#武汉别怕，大家都在！#,3
#中国疾控中心成功分离我国首株新型冠状病毒毒种#,3
##最美医护者#,3
#武汉又一新冠肺炎感染者治愈出院#,3
"#钟南山十多年前曾表达""非典重来""担忧，并提到武汉……#",3
#感谢武汉！#,3
#武汉辛苦了#,3
#直击#,3
#各地医生驰援湖北#,3
#武汉医生的年夜饭#,3
#除夕夜重庆135位医生奔赴武汉#,3
##抗击新型肺炎第一线#,3
#北京又一名新型肺炎患者痊愈出院#,3
##武汉加油#,3
#武汉版小汤山开建#,3
#支持禁绝野味市场#,3
#17例新型肺炎死亡病例病情公布#,3
#春节最美逆行者#,3
#肺炎疫情下的春运#,3
#武汉小汤山模式医院开建#,3
#肖木兵速写[超话]#,3
##抗击新型肺炎我们在行动#,3
#绘画#,3
#遇见艺术#,3
#插画#,3
#两公里工程车队逆向而行#,3
#山西小伙驱车近800公里支援火神山医院建设#,3
#军事[超话]#,3
#我要上热门#,3
#武汉影像#,3
#武汉影像[超话]#,3
#海尔抗疫第一线#,3
#新型肺炎确诊病例#,3
#年夜饭#,3
#早安#,3
#武汉大学人民医院急需防护物资#,3
#军队抽组1400人承担火神山医疗任务#,3
#可直接与武汉医院对接捐赠#,3
#武汉火神山医院污水不排湖#,3
#为美好生活加油#,3
#武汉新冠肺炎防控指挥部第4号通告#,3
#鼠年春晚节目单#,3
#武汉确诊病例可能再增加约1000例#,3
#上海民政局取消2月2日结婚登记#,3
#郑爽[超话]#,3
#武汉确保加油站24小时营业#,3
#seu正能量#,3
#武汉要求全市在公共场合佩戴口罩#,3
#广东发现1起工作同事聚集性疫情#,3
#唯一没有彩排过的春晚节目#,3
#上海延迟复工和开学#,3
#湖北省医疗物资告急#,3
#加油#,3
#新年快乐#,3
#画笔的力量#,3
#四川启动一级响应#,3
#四川禁止群体性聚餐#,3
#运城身边事#,3
#发现运城#,3
#武汉蔡甸火神山医院搬迁传闻系谣言#,3
#火神山医院工人路边吃年夜饭#,3
#武汉半月之内将再建一个小汤山医院#,3
#小红说防控#,3
#武汉能行#,3
#家乐福与您在一起#,3
#春晚现场致敬一线医务人员#,3
#福建启动一级响应#,3
#对非法食用野生动物说不#,3
#武汉多家医院请求紧急支援#,3
#建设火神山医院渣土车被城管锁车#,3
#警惕用过的口罩二次包装销售#,3
#TaylorSwift[超话]#,3
#水彩[超话]#,3
#水彩#,3
#苏宁公益#,3
#医护人员在隔离缓冲区拜年#,3
#武漢加油#,3
#2020新年快乐#,3
#武汉小汤山年夜饭#,3
#凯旋时一个都不能少#,3
#迎难而上最美逆行者#,3
#黄绮珊音乐#,3
#甬抗肺炎#,3
#宁波集结号#,3
#天天诗词大汇[超话]#,3
#为妳写诗#,3
#国是论坛#,3
#红基会项目进展#,3
#央视主播春晚朗诵后嘱咐网友#,3
#泰国抵南京333名旅客被隔离#,3
##湖北医疗物资缺口亟待支援#,3
#决战火神山#,3
#也想记录一些日常#,3
#医护人员齐喊武汉必胜#,3
#空军运输机空运医疗物资器材#,3
#隔离病毒但不隔离爱#,3
#武汉小汤山模式医院2月3日前建成#,3
#考试范围是星辰大海#,3
#海尔日日顺抗疫第一线#,3
#武汉建小汤山模式医院#,3
#目前有500多万人离开武汉#,3
#燕谷坊集团百万口罩驰援行动#,3
#欧普在行动#,3
#联想小新，实力出色！#,3
#武汉火神山医院选址非水源地#,3
##雷神山施工现场最新航拍#,3
#壁纸#,3
#鹿晗#,3
#白岩松#,3
#火神山雷神山终南山#,3
#春节尽量不聚会#,3
#150人医疗队出发赴武汉#,3
#预防大于治疗#,3
#湖南新增19例确诊病例#,3
#武汉金银潭医院4名患者出院#,3
#保障菜篮子#,3
#我是大主编[超话]#,3
#聚焦三秦#,3
#武汉不孤单#,3
#小汤山非典医疗队请战书#,3
#除夕夜的最美逆行#,3
#襄阳身边事#,3
#新冠肺炎进入第二波流行上升期#,3
#吐槽个球#,3
#洛施花舍意大利血橙营养素#,3
#第一次世界大战#,3
#weareacmilan#,3
#独行侠将退役24号球衣#,3
#确诊患者隔着玻璃报平安#,3
#这一战，我们能赢#,3
#武汉医院呼吁市民别送慰问品#,3
#德州爆料#,3
#周口爆料#,3
#邯郸爆料#,3
#草菇谈星#,3
#印为玄学轩[超话]#,3
#疫区日记#,3
#重庆加油#,3
#青岛科技大学[超话]#,3
##科比去世#,3
#这一刻值得纪念#,3
##武汉小汤山模式医院建设现场#,3
#TCL驰援湖北#,3
#万众一心抗击新型肺炎#,3
#全国各地约6000人医疗队驰援湖北#,3
#火神山施工现场直播#,3
#博主vlog采访武汉志愿者#,3
##新型冠状病毒#,3
#机长Vlog记录医疗队驰援武汉#,3
#联想#,3
##雷神山火神山钟南山#,3
#国美在行动#,3
#胡锡进对话曾光#,3
#早安正能量[超话]#,3
#魅族#,3
#武汉加油MV#,3
#抗击疫情此时此刻#,3
#早安湖科#,3
#长安大闲谝#,3
#人民直播#,3
#轻工学子#,3
#这几天你妈说过最多的话#,3
##壁纸[超话]#,3
#火神山摄政王真容#,3
#武汉[地点]#,3
#党中央向湖北等疫情严重地区派出指导组#,3
#火神山雷神山钟南山#,4
#你好，明天#,4
#加油武汉#,4
#雷神山开始搭建板房#,4
#雷神山火神山钟南山#,4
#万众一心抗击疫情#,4
#春节摄影大赛#,4
#我们共同的敌人是疾病不是武汉人#,4
#你守护大家我守护你#,4
#火神山医院病区已具雏形#,4
#疫情速报#,4
#钟南山哽咽#,4
#钟南山最新采访#,4
#航拍看武汉雷神山医院#,4
#火神山医院效果图发布#,4
#武汉加油全国加油#,4
#如何严防新型冠状病毒#,4
#武汉雷神山医院全部通电#,4
#众志成城战疫情#,4
#关注浙江疫情#,4
#疫情中的逆行者#,4
#84岁钟南山再战防疫最前线#,4
##云监工#,4
#抗炎科技日志#,4
#火神山医院卫星对比#,4
#防控疫情浙江在行动#,4
#得知同行好友感染病危#,4
#500公里高空俯瞰火神山#,4
#浙江加油#,4
#云监工雷神山医院#,4
"#你好,明天#",4
#浙江请求支援#,4
#火神山医院施工第六天#,4
#给即将返岗人员的防护建议#,4
#普通人口罩不必一次一换#,4
#天下之事#,4
#深圳小天[超话]#,4
#延长假期#,4
#南粤女声#,4
#大兵简评[超话]#,4
#20000份病毒检测试剂盒驰援一线#,4
#钟南山含泪谈武汉抗疫#,4
#春节这几天你该明白的事#,4
#最害怕听到吃饭两个字#,4
#这件事还要从一只蝙蝠说起#,4
#世界晚安#,4
#三山降临疫情必除#,4
#高分卫星视角见证武汉速度#,4
#航拍武汉雷神山医院#,4
#民民直播#,4
#大中华加油#,4
#书画新浪潮#,4
##火神山医院效果图#,4
#iop123456789#,4
#山东加油#,4
#武汉伢#,4
#农家参谋#,4
#小皖提醒#,4
#在家收外卖快递会被传染吗#,4
#泥灸#,4
#女性之声#,4
#春运路上随手拍#,4
#桂林爆料#,4
#广西身边事#,4
#永葆开国精神[超话]#,4
"#不忘初心,坚定父辈精神#",4
#取消聚餐平安过年#,4
##禁绝野味市场#,4
#病毒在毛质衣物上存活时间更短#,4
#哈利波特[超话]#,4
##钟南山哽咽#,4
#小玉随想#,4
#钟南山为一线医护人员加油#,4
#守好小家为大家#,4
#感动#,4
#这里是河南[超话]#,4
#河南菜农捐50吨菜支援武汉#,4
#毒舌娱乐#,4
#回乡见闻#,4
#我是神.我是佛#,4
#天心無我#,4
#优设每日作业[超话]#,4
#画出新年#,4
#职场经验#,4
#自我提升#,4
#杭州#,4
#浙江缺医用口罩400万个#,4
#年前的我VS年后的我#,4
#小伙放下500个口罩转身就跑#,4
#为什么你眼里含着泪#,4
#货架上惨遭嫌弃的食物#,4
#向奋勇逆行者致敬#,4
#滴滴在上海组建医护保障车队#,4
#武汉24小时送餐夫妻#,4
#邱天道#,4
#武汉是能够过关的#,4
#粤姐姐话你知#,4
#新年新出发#,4
#鼠年开运自拍#,4
#春节消食运动#,4
#昕诺飞#,4
#中国十天建一个医院#,4
#终南山院士#,4
#口罩不必一次一换#,4
#武汉最新新型冠状病毒肺炎#,4
#早安，黄师#,4
#外协午谈#,4
#一个人能无聊到什么程度#,4
#靠谱闲聊#,4
#护身符#,4
#抗击肺炎求助#,4
#发改委3亿元补助火神山雷神山医院建设#,4
#欠你的婚礼等我建好火神山医院后补给你#,4
#武汉身边事#,4
#武汉速度#,4
#武汉火神山医院大年夜施工现场#,4
#火神山医院场地平整工作已全部完成#,4
#年轻人不要总熬夜#,4
#雷神山千万网友在线监工#,4
#火神山施工直播#,4
#三山齐聚克难关#,4
#国外捐国内捐李兰娟#,4
#微博财经[超话]#,4
#小徐君句读#,4
#山东闷声干大事#,4
#致良知四合院#,4
#国内捐海外捐李兰娟#,4
#山东抗击新型肺炎#,4
#多家医院公布接受物资捐赠方式#,4
#异地恋#,4
#华山医院感染科主任#,4
#医者心仁者心中国心#,4
#青岛#,4
#魅力修行[超话]#,4
#雷神山医院全部通电#,5
#疫情仍处于扩散阶段#,5
#全国累计确诊新型肺炎7711例#,5
#大年初六#,5
#疫情拐点将出现#,5
#共渡难关武汉加油#,5
#雷神山医院3天通电#,5
#湖北不止一个武汉#,5
#女军医摘下口罩后落泪#,5
#感染者向他人吐口水或追刑责#,5
#山西小伙驱车800公里援建火神山#,5
#万众一心打赢疫情防控阻击战#,5
#武汉[超话]#,5
#为中国加油#,5
#打护士肺炎病人家属被刑拘#,5
#这几天我的心情#,5
#抗击疫情50个最新消息#,5
#河南新增23例确诊病例#,5
#抗击新型肺炎#,5
#有患者4次检测才确诊#,5
#武汉两名医生被患者家属打伤#,5
#2月底日产口罩1.8亿只#,5
#湖北新增1032例累计确诊4586例#,5
#古巴7.7级地震#,5
#非洲遇25年来最严重蝗灾#,5
#澳洲山火烟雾蔓延至南美洲#,5
#暴雪之后的加拿大#,5
#浙江新增132例新型肺炎#,5
#河南多地急需医护物资#,5
#疫情防控日报#,5
#广州首两例感染儿童出院#,5
#向全世界安利最好的柳云龙#,5
#柳云龙与你同行#,5
#李文亮#,5
#湖北新增确诊病例1032例#,5
#北京将严惩隐瞒疫情等失职犯罪#,5
#武汉新增136例新型冠状病毒肺炎病例#,5
#火神山工地斗殴#,5
#黄冈卫健委主任唐志红被免职#,5
#等着你们樱花照常盛开#,5
#宠物接触到疫情也需隔离#,5
#湖北省长回应网友批评#,5
#武汉平安#,5
#NEWS[超话]#,5
#Smileeveryday[超话]#,5
#碧老师englishdaily[超话]#,5
#DiscoverShenzhen#,5
#TOEFL#,5
#万众一心战胜疫情#,5
#河南新增72例新型肺炎#,5
#科比妻子更换头像#,5
#河南多家医院防护物资告急#,5
#长江日报#,5
#湖北日报头条#,5
#山东复工时间#,5
#顺丰回应快递员拦截包裹卖口罩#,5
#防疫横幅土味文案#,5
#西峡[超话]#,5
##见屏如面#,5
#没有斗篷的河南人也是superman#,5
#我希望武汉能战胜疫情#,5
#李文亮医生#,5
#黄冈新增172例#,5
#黄少祺[超话]#,5
#湖北省长回应批评意见是苦口良药#,5
#武汉首例高龄重症病人康复出院#,5
#金银潭医院院长回应患渐冻症#,5
#湖北疫情期间开展网络教学#,5
#卫生局副局长泄露患者隐私被查处#,5
#我愿意为你守护#,5
#文艺#,5
#都视频#,5
#黄冈疾控负责人一问三不知#,5
#全世界最好的黄少祺#,5
#套王小仙女#,5
#李兰娟回应返程人员是否要隔离#,5
#武汉市城建局回应火神山施工现场打架视频#,5
#除夕与初六对比图#,5
#湖北省长向医护人员鞠躬#,5
#中国速度#,5
#治愈患者还会二次感染吗#,5
#山西[超话]#,5
#抗击疫情山西在行动#,5
#查扣假冒伪劣口罩38万余只#,5
#我的城市生病了#,5
#深夜大明白#,5
#疫情日记#,5
#春节#,5
#散装江苏#,5
#钟南山眼含泪花#,5
#钟南山含泪给武汉加油#,5
#湖北累计确诊病例4586例#,5
#多所高校延期开学#,5
#防控动态#,5
#洪辰#,5
#山东#,5
#夫妻确诊前自驾游途经五省市#,5
#不让医生说真话是要死人的#,5
#一线医护人员每天补助300元#,5
#一线岗位全部换上党员#,5
#今日看盘#,5
#随州封城#,5
#我在武汉过大年#,5
#黄冈卫健委主任一问三不知#,5
#山西新增8例新型肺炎#,5
#缅甸人扔过来的口罩#,5
#重庆新增17例累计确诊182例#,5
#德州学院#,5
#疫情溯源不得泄露乘客信息#,5
#新型肺炎痊愈患者#,5
#金银潭医院院长夫人痊愈#,5
#秒拍#,5
#管住嘴拒绝吃野味#,5
#医院用机器人给病人送药#,5
#wxthjl0128#,5
#医护人员的睡姿#,5
#武汉小汤山定名火神山医院#,5
#辽宁新增8例确诊病例#,5
#山西大巴车一乘客确诊新型肺炎#,5
#那时的我们不懂珍惜#,5
#大年初六送穷#,5
#新闻#,5
#50个抗击疫情好消息#,6
#封城日记#,6
#关注新型肺炎#,6
#坚决打赢疫情防控阻击战#,6
#新型冠状病毒感染肺炎#,6
#全国累计确诊病例4515例#,6
#疫情联防联控实时播报#,6
#新型冠状病毒可通过接触传播#,6
#新型冠状病毒倍增时间比SARS短#,6
#新型冠状病毒疫情对全球构成高风险#,6
#武汉日记#,6
#新型冠状病毒对所有年龄组都易感#,6
#武汉VLOG#,6
#轻症病人1周左右恢复#,6
#卫健委数据回应疑似病例住不上院#,6
#武汉vlog#,6
#全国指定接待湖北游客酒店信息#,6
#宝宝的少女心#,6
#湖南新增43例累计确诊143例#,6
#湖南新增19例新型肺炎确诊病例#,6
#湖南新增5例新型肺炎确诊病例#,6
#防控疫情我们在一起#,6
#湖南新增重症病例6例#,6
#湖南新增新型肺炎15例#,6
#湖南省内近期涌入大量武汉车辆#,6
#郑州超市一颗白菜卖63被罚50万#,6
#日本捐口罩用中文写武汉加油#,6
#全民口罩行动#,6
#6000人医疗队驰援湖北#,6
#现场观察[超话]#,6
#抗击疫情高校在行动#,6
#抗病毒喷剂#,6
#豫见疫情防控#,6
#新冠肺炎最新动态#,6
#武汉将以小汤山模式建医院#,6
#湖北新增1291例确诊病例#,6
#江苏省2月17日前不开学#,6
#武汉火神山#,6
#日常#,6
#武汉火神山医院污染水源系谣言#,6
#武汉必胜#,6
#我的黄河我的国[超话]#,6
#零点后的武汉#,6
#佛教#,6
#抗击疫情佛子在行动#,6
#佛教公益#,6
#加油中国加油武汉#,6
#央视记者武汉vlog#,6
#抗击疫情公安在行动#,6
#视点直播#,6
#医务人员工作强度心理压力都很大#,6
#什么是接触传播#,6
#Karry的筱君Miranda#,6
#王俊凯#,6
#云南医疗队驰援武汉#,6
#卫健委发布会#,6
#山东2万副护目镜驰援武汉#,6
#城市生活家#,6
#广东#,6
#与疫情赛跑的中国速度#,6
#镜头下的战疫现场#,6
#武汉雷神山医院开建#,6
#武汉我们在一起#,6
#东大新闻#,6
#抗击疫情东大在行动#,6
#抗击疫情武大在行动#,6
#钟南山谈新型肺炎疫情防控#,6
#钟南山再次强调大家不要出行#,6
#最搞冷笑话#,6
#口罩剪碎扔#,6
#疫情赶快过去#,6
#越过寒冬，去2020的夏天等你#,6
#转眼-五月天[音乐]#,6
#武汉能买到零食吗#,6
#李玉刚[超话]#,6
##街头测试#,6
#金轮新闻资讯#,6
#郑州群众#,6
##新型冠状病毒感染肺炎#,6
##插画[超话]#,6
#北京中日友好医院开通受捐渠道#,6
#让每一个人在做决定之前都有律师朋友的帮助#,6
#新冠状病毒#,6
#疫战#,6
#象警官语丝#,6
#隔离病毒但不能隔离爱#,6
#杨洋急先锋#,6
#内蒙古快报#,6
#渤海大学[超话]#,6
#新疆农业大学#,6
#云商院动态#,6
#武汉市中小学2月10日线上开课#,6
#新型冠状病毒检测试剂盒供不应求#,6
##武汉将再建一个小汤山医院#,6
#疫情当前警察不退#,6
#你的朋友圈现状#,6
#大爱豫来#,6
#各地村干部大喇叭喊话pk#,6
#火神山医院5G网络开通#,6
#我们承诺火神山项目会如期完成#,6
#两部门下达603.3亿支持疫情防控#,6
#火神山医院排水主动脉就位#,6
#疫情最新情况#,6
#武汉蔡甸火神山医院开通5G网络#,6
#新华微评#,6
#听听钟南山怎么说#,6
#新华社记者武汉vlog日记#,6
#全民抗疫#,6
#美疾控中心对华旅行警告升至最高级别#,6
#滚滚说事#,6
#天津防控新型冠状病毒肺炎#,6
#川农微分享#,6
#要闻daily#,6
#特殊的中国年#,6
#荆门[地点]#,6
#小五播报#,6
#进藏者一律定点隔离观察14天#,6
#武汉#,7
#火神山医院将移交军方#,7
#万众一心抗击新冠肺炎#,7
#航拍火神山施工第三天#,7
#我们一起选择希望#,7
#雷神山施工现场最新航拍#,7
#火神山医院除夕夜施工现场#,7
#武汉现状#,7
#传染病学专家表示疫情已刻不容缓#,7
#亥时点评#,7
#安徽出现聚集性疫情#,7
#年近八旬小汤山设计师请战一线#,7
#浙江成功分离到新型冠状病毒毒株#,7
#新型肺炎疫情动态#,7
#武汉小汤山模式医院建设现场#,7
##武汉火神山医院第一间病房建成#,7
#阻击新型冠状病毒#,7
#疫情下的感动瞬间#,7
#抗艾滋病药物可试用新型肺炎#,7
#一起致敬逆行者#,7
#全国最新疫情地图#,7
#武汉雷神山医院调度画面曝光#,7
#天气即天意#,7
#与年轻同事比家中牵挂少#,7
#武汉婚礼摄影#,7
#武汉婚纱照#,7
#武汉婚礼跟拍#,7
#武汉婚礼圈#,7
#欢乐纪摄影#,7
#武汉婚庆策划#,7
#欢乐纪婚礼跟拍#,7
#众志成城战胜疫病#,7
#肺炎疫情实时动态播报#,7
#强行带疑染新型肺炎孩子离境被捕#,7
#医生#,7
#新型肺炎不构成国际突发卫生事件#,7
#周易#,7
#星座命理#,7
#发改委3亿元补助武汉小汤山医院#,7
#发改委3亿元补助火神山雷神山医院#,7
#11名医护人员新型冠状病毒核酸检测转阴#,7
#迹痕点点#,7
#对抗新型冠状病毒感染肺炎#,7
#武汉雷神山医院选址江夏#,7
#小中微讯#,7
#全国财政已投112.1亿防控疫情#,7
#春节是大隔离大消毒最佳窗口期#,7
#火神山医院实现通信网络全覆盖#,7
#我是表情帝#,7
#中国军人#,7
#中国军事#,7
#香港未来#,7
#中国#,7
#火神山医院2月2日整体移交军方管理#,7
#魔力show#,7
#魔力Show#,7
#logo设计#,7
#雷神医院#,7
#武汉火神山医院施工3天进度#,7
##致敬疫情前线医护人员#,7
#北京大中小学幼儿园延期开学#,7
#西铁微视角#,7
#24日武汉开往梅州D3286次乘客#,7
#天天开汇#,7
#多所高校延期开#,7
#上海肺炎#,7
#中国赞[超话]#,7
#温暖河南#,7
#火神山施工第四天#,7
#心态最好的武汉人#,7
#总理来啦#,7
#宋清辉看肺炎疫情#,7
#大武汉#,7
#钟南山谈疫情#,7
#为了人民#,7
#武汉记者直播中数度哽咽#,7
#小贱猫土豆君[超话]#,7
#疫无情人有爱#,7
#团团为你加油#,7
#火神山医院3G/4G/5G通信网络全覆盖#,7
#雷神山医院火速开工#,7
#老司机网友投稿#,7
#除夕夜施工现场#,7
#科比直升机失事原因#,7
##武汉封城#,7
#医院#,7
##全民云监工#,7
#受疫情影响暂无收入可延后还房贷#,7
#你知道什么叫靠山吗？#,7
#一月再见#,7
#武汉火神山医院土地平整完成#,7
##雷克萨斯#,7
#雷神山医院将移交军方管理#,7
#四川南充急寻两班次客车乘客#,7
#北京小汤山#,7
#家庭版抗疫措施怎么做#,7
#团青在行动#,7
#交通部要求各地公路交通不中断#,7
#最美解放军医护者#,7
#中国爱豆#,7
#广东公共场所不戴口罩将被处罚#,7
#暂未发现病毒变异证据#,7
#比心中国军人#,7
#空军医疗队接管武昌医院重症医学科#,7
#萍工微视角#,7
#新闻联播给一线医务人员拜年#,7
#抵御疫情我们在行动#,7
#火神山、雷神山#,7
#黄媒不会说的真相#,7
#24小时直播雷神山火神山医院建设#,7
#我们都在抗疫一线#,7
#一起见证中国速度#,7
##中国三建#,7
#湖北捉谣记#,7
#肺炎患者求助[超话]#,7
#抗击新型肺炎我们在行动#,8
#火神山医院效果图#,8
#武汉火神山雷神山医院施工现场#,8
#新型肺炎疫情可能元宵节前好转#,8
#钟南山强调目前不要出行#,8
#宅在家里都干啥#,8
#不会因春运返程出现大传染#,8
#钟南山#,8
#钟南山说动才动#,8
#这个假期大家的不同状态#,8
#钟南山肯定新型冠状病毒肺炎人传人#,8
#还要多久能出疫苗#,8
#武汉蔡甸火神山医院#,8
#黄冈版小汤山正式启用#,8
#岩松帮你问#,8
#多方驰援武汉#,8
#武汉加油｜新型冠状病毒｜武汉#,8
#武汉要求药店必须正常营业#,8
#火神山现场#,8
#疫情死亡率会再降低#,8
#武汉战疫#,8
#火神山医院病区雏形#,8
#武汉87岁婆婆治愈出院#,8
#迪士尼#,8
#迪士尼[超话]#,8
#武汉我们一起加油#,8
#关注福建新型肺炎疫情#,8
#疫情结束后最想做的事#,8
#心安理得宅在家有多爽#,8
#中医#,8
#健康#,8
#头条热搜#,8
#武汉加油！#,8
#刚爷语录[超话]#,8
#鞍山爆料#,8
#开启更好2020#,8
#分离到三株新型冠状病毒毒株#,8
#呼吁国家把法定假日调整至正月十七#,8
#请大庆调整正月十五上班#,8
#黑龙江启动一级响应#,8
#武汉制定诊疗方案#,8
#健康达人记#,8
#科普大作战#,8
#愛不會離開#,8
#讓奇蹟發聲#,8
#平安鼠于你#,8
#传递温暖我要叮嘱#,8
#逆行者钟南山#,8
#钟南山称已有药物将用于临床#,8
#坚决遏制疫情蔓延#,8
#钟南山给一线医护人员加油#,8
#发现视界#,8
#紧急求助#,8
#武汉患者#,8
#莆田[超话]#,8
#仙游[超话]#,8
#雷神山直播间人数破600万#,8
#国考面试推迟#,8
#疫情1周或10天左右达到高峰#,8
##火神山雷神山钟南山#,8
#叉酱#,8
#罐酱#,8
#铲酱#,8
#1230人医疗队驰援武汉#,8
#内蒙古139名医护出征武汉#,8
#白宫考虑取消中美间所有航班#,8
#春节新型约饭方式#,8
#小中微推#,8
#金警课堂[超话]#,8
#好事不提女，坏事不提男#,8
#女性成果又喂狗了#,8
#中国女人今天背锅了吗#,8
#不仇女会死吗#,8
#终于明白古代禁足的感受#,8
#泰国置业#,8
#泰国置业投资#,8
#一家四口宅家里自创晚会解闷儿#,8
#麦迪流泪回忆科比#,8
#武汉抗击疫情最新对策#,8
#微公益#,8
#字儿越少事儿越大#,8
#首都国企抗击新冠肺炎疫情#,8
##让中国艺术陪您过年#,8
#莫高窟#,8
#卫健委派1230人医疗队驰援武汉#,8
#确诊病例是否正在靠近峰值#,8
#专家回应日常是否要戴手套#,8
#专家回应无症状患者也会传染#,8
#退役军人买4000只口罩发给市民#,8
#如何避免接触无症状的感染者#,8
#直击抗击疫情第一线#,8
#武汉版小汤山#,8
#历史天窗[超话]#,8
#云监#,8
#过年#,8
#厉害了我的国#,8
#武汉坚强#,8
#孤单又灿烂的神-鬼怪#,8
#数据增长是否意味着疫情扩散加剧#,8
#百毒不侵，诸邪莫近#,8
#山东累计确诊病例121例#,8
#破五迎财神#,8
#新型肺炎疫情近期或迎拐点#,8
#运城爆料#,8
#千万监工在线打卡#,8
#小鲁提醒#,8
#【武汉#,8
#2020过福年#,8
##钟南山最新采访#,8
#落字含香[超话]#,8
#新型冠状病毒#,9
#武汉将再建一个小汤山医院#,9
#武汉将建雷神山医院#,9
#武汉肺炎#,9
#雷神山#,9
#火神山#,9
#武汉抗击新型肺炎疫情最新对策#,9
#祖国反黑站[超话]#,9
#口罩#,9
#众志成城抗疫情#,9
#疫苗#,9
#冠状病毒#,9
#与疫情赛跑#,9
#新型肺炎#,9
#国难#,9
#北京中鼎长信科技有限公司#,9
#武汉医院#,9
#紧急上线#,9
#武汉决定再建一个小汤山医院#,9
#武汉中心城区实行机动车禁行#,9
#蚌埠爆料#,9
#手机壁纸#,9
#新京报直播#,9
#小汤山#,9
##最新疫情地图#,9
#基建狂魔#,9
#阿里10亿医疗物资专项基金#,9
#明起北京道路省际客运全部停运#,9
#每筑建文[超话]#,9
#武汉封城后的市民生活#,9
#官方通报火神山医院项目工人冲突#,9
#武汉市城建局回应火神山医院工人冲突#,9
#武汉市城建局通报火神山医院项目工人冲突#,9
#道教[超话]#,9
#带着微博去旅行#,9
#龙龙的尘兜#,9
#小凯播报#,9
#张虞日太阳家[超话]#,9
#以平常心做人：以进取心做事#,9
#中南院加油#,9
#华大基因捐赠10000份检测试剂#,9
#健康发布#,9
#中兴通讯#,9
#湖北移动#,9
#诺基亚贝尔#,9
#手工[超话]#,9
#微博之夜#,9
#泰州一感染科医生离世#,9
#24省市自治区启动一级响应#,9
#超级传播者转移4次感染14人#,9
#武汉所有医院发热门诊24小时接诊#,9
#徐工抗疫第一线#,9
#我和徐工[超话]#,9
#一起做火神山医院云监工#,9
#雷神山医院开工#,9
#海南首例新型肺炎病例死亡#,9
#山东首个新型冠状病毒检测产品#,9
#一级响应是什么#,9
#来历#,9
#宜昌肺炎#,9
#2020国运预测#,9
#玄明子国运预测#,9
##榆林身边事#,9
#榆阳身边事儿#,9
#31省区市新增确诊1459例累计5974例#,9
#萌娃警校安全课堂[超话]#,9
#临沂肺炎#,9
#雷神山直播间人数破1000万#,9
#阿山们冲鸭#,9
#记者实探武汉两医院建筑工地#,9
##新型肺炎抗疫全记录#,9
#预防新型冠状病毒肺炎#,9
#武汉将建小汤山模式医院#,9
#武汉将再建一个小汤山式医院#,9
#实用小百科#,9
#肺炎期间的弱势群体#,9
#支援火神山#,9
#悟空影视大全#,9
#武汉火神山医院附近居民望加强防护#,9
#龙门祖庭太虚宫#,9
#安龙cameron#,9
#好运2020#,9
#封村#,9
#小汤山建设者50小时没睡觉#,9
#武汉阻断武汉三镇间公共交通#,9
##武汉肺炎#,9
#武汉，加油#,9
#航拍雷神山医院施工现场#,9
#seu人物#,9
##从武汉回来请自行隔离#,9
#郑在生活[超话]#,9
#图片故事#,9
#火神山医院将于2月1日建成#,10
#火神山首批箱式板房开始吊装#,10
#全力以赴遏制疫情#,10
#除夕夜的武汉#,10
#jianghan0109#,10
#钟南山称已有药物将用于临床治疗#,10
#加油中国#,10
#丹麦媒体刊载辱华漫画#,10
#武汉85家酒店支援医护人员#,10
#商务部紧急协调200多万只口罩#,10
#湖北累计报告新型肺炎病例729例#,10
#武汉雷神山医院开工现场#,10
#医生挨个进隔离病房互相打气#,10
#共同抗击新型肺炎#,10
#动漫恶魔的爱#,10
#我用脑洞画海报#,10
#最难配出文案的一张图#,10
#总理来武汉#,10
#22个省区市已启动一级响应#,10
#疫情辟谣#,10
#武汉征用24家医院万张床位收治发热病人#,10
#众志成城武汉能#,10
#无条件收治所有疑似患者#,10
#帝吧[超话]#,10
#最小新型肺炎确诊病例仅2岁#,10
#取消聚会平安过年#,10
#综艺日记#,10
#健康平安就是福#,10
#湖北新增371例新型肺炎#,10
#美国确诊第五例新型肺炎#,10
#辟谣#,10
#健康中国2030#,10
#陕西启动一级响应#,10
#寻找染病列车乘客#,10
#内蒙古7例疑似病例全部确诊#,10
#中国马蹄蝠#,10
#大年初三#,10
#朱一龙东方卫视春晚#,10
#洪辰[超话]#,10
#穆雅斓[超话]#,10
#黄石加油#,10
#周杰伦昆凌夫妇捐款300万元支援湖北#,10
#周杰伦[超话]#,10
#直击肺炎#,10
##武汉加油！#,10
#武汉协和医院3名被感染医护人员出院#,10
#村书记用大喇叭硬核喊话#,10
#美国首例肺炎患者由机器人治疗#,10
#湖南肺炎#,10
#四川新增13例确诊病例#,10
#抗击新肺炎武汉在行动#,10
#疫情结束见面谁也别笑谁胖#,10
#吉林启动一级响应#,10
#福建新增8例确诊病例#,10
#囧妈#,10
#农村疫情防控54字#,10
##相信武汉#,10
#奇闻异事#,10
#共青团中央辟谣#,10
#小郫关注#,10
#央视新闻微直播#,10
#五行肺属金#,10
#武汉不明原因肺炎#,10
#发热咳嗽非新冠肺炎唯一首发症状#,10
#平安非你莫鼠#,10
#首株新型冠状病毒毒种信息公布#,10
#请求吉林省政府启动一级响应#,10
#微博辟谣#,10
#致敬基建狂魔#,10
#冲天一言[超话]#,10
#口罩不要随便扔#,10
#抗击新冠肺炎武汉在行动#,10
##长春身边事#,10
#武汉小区组织唱国歌#,10
#火神山医院第一间负压病房出炉#,10
#北京铁路部分列车将临时停运#,10
#闲云杂谈#,10
#武汉火神山医院交付时间#,10
#150人部队医疗队出发赴武汉#,10
#好消息#,10
#九州微评[超话]#,10
#信阳生活#,10
#战征民族[超话]#,10
#高能速度#,10
#总理来到武汉防疫一线#,10
#江苏企业驰援火神山雷神山施工建设#,10
#武汉市委书记回应武汉人受到歧视#,10
#最帅建设者#,10
#一生挚爱01#,10
#火神山施工现场航拍#,11
#参与火神山医院建设车辆被城管查处#,11
#周刊君与你共同战疫#,11
#官方通报火神山医院冲突#,11
#武汉市长承认信息披露不及时#,11
#武汉城管#,11
#火神山医院建设驾驶员车辆被查#,11
#鬼灭之刃#,11
#海贼王#,11
#武汉市长解释信息披露不及时#,11
#抗击疫情我们始终在一起#,11
#武炼巅峰#,11
#元尊#,11
#妖精种植手册#,11
#武道独尊#,11
#全职法师#,11
#斗罗大陆#,11
#末世为王#,11
#健身教练漫画#,11
#混沌剑神#,11
#深圳又一例确诊病例治愈出院#,11
#武汉市长表示愿意革职以谢天下#,11
#央视记者专访武汉市市长#,11
#原小汤山医院副院长参建火神山医院#,11
#武汉城建局回应火神山医院工人冲突#,11
#武汉市委书记回应歧视湖北人#,11
#8名散布武汉肺炎谣言者被查处#,11
#武汉市长回应万家宴#,11
#广东首株新型冠状病毒毒株成功分离#,11
#湖北开设床位10万张#,11
#抗击新型肺炎进行时#,11
#夜幕下的火神山#,11
#新型冠状病毒肺炎防疫全纪录#,11
#全国累计确诊病例2744例死亡80例#,11
#钟南山称有信心不会非典重演#,11
#参建火神山医院渣土车被城管锁轮#,11
#医学科普#,11
#世界卫生组织#,11
#官方通报火神山医院冲突事件#,11
#大型送人头现场#,11
#火神山施工车辆被城管查扣#,11
#菜鸟军虫[超话]#,11
#武汉医护人员接受采访声音沙哑#,11
#河南防控新型肺炎疫情#,11
#抗击疫情我们在一起#,11
#大爱燃擎#,11
#车友投票#,11
#武汉雷神山医院施工第二天#,11
#记者探访华南海鲜市场#,11
#直击雷火双神山医院建设#,11
#城管#,11
#cz380#,11
#武汉人都戴口罩了吗#,11
#雷神山建设进度完成40%#,11
#新型冠状病毒感染的肺炎防控，普洱在行动#,11
#武汉，我们为你加油#,11
#武汉城建局回应火神山工人冲突#,11
#武汉城建局通报火神山医院工人冲突#,11
#河南首例死亡病例病情#,11
#深夜雷神山监工#,11
#汕头疫情防控动态#,11
#神奇生物在中国#,11
#人类迷惑行为大赏#,11
#迷惑行为大赏#,11
#官方回应参建火神山医院车辆被锁轮#,11
#城管查处火神山医院项目车辆#,11
#(得意)#,11
#火神山医院预计初七送电#,11
#勤劳的小叉车#,11
#漫威#,11
#聚焦新型肺炎#,12
#武汉加油共渡难关#,12
#河南村支书亲自载5吨蔬菜支援武汉#,12
#雷神山医院病床增至1600张#,12
#河南村支书载5吨蔬菜支援武汉#,12
#我们视频正在直播#,12
#春节168小时#,12
#河南农业大学[超话]#,12
#雷神山工地医护宿舍#,12
"#武汉加油,中国加油#",12
#湖北急需防控物资清单#,12
#雷神山医院工人席地而睡#,12
#楼市动态#,12
#微博房产爆料#,12
#农大分享#,12
#河南村支书支援武汉5吨蔬菜#,12
##河南村支书5吨蔬菜支援武汉#,12
#中国正能量#,12
#正能量#,12
#企业3天产1500吨钢板支援武汉#,12
#聊城爆料#,12
#河南村支书5吨蔬菜支援武汉#,12
#央企大拜年#,12
#实探武汉两医院建筑工地#,12
#云监工雷神山医院建设#,12
#云监工火神山医院建设#,12
#雷神山医院总平面图设计完成#,12
#关注河南新型肺炎疫情#,12
#出彩农大人#,12
#出彩河南人#,12
#火神山医院院区门口通电#,12
#新型肺炎病例实时动态#,12
#武汉火神山医院效果图#,12
##工信保障防控疫情#,12
#郑州[地点]#,12
#好人有好报#,12
#位卑未敢忘忧国#,12
#快告诉亲人#,12
#知情人回应武汉小汤山选址#,12
#武汉火神山医院施工第2日#,12
#武汉火神山医院建设进度#,12
#火神山医院排污建设提前进场#,12
#武汉雷神山医院施工现场#,12
#火神山医院工人每天赶工10小时#,12
#火神山医院铺3万平方米防渗膜#,12
#专家回应火神山医院污染水源质疑#,12
#专家回应火神山医院选址质疑#,12
#雷神山施工现场航拍#,12
#火神山项目经理辟谣污染水源#,12
#火神山施工人员含泪叮嘱家人#,12
#加班生产1300套医用被服驰援武汉#,12
#航拍火神山医院#,12
#工信保障防控疫情#,12
#厨子磨刀[超话]#,12
#这是我应该做的#,12
#咱周口人#,12
#时讯陕西#,12
#雷神山医院总建筑面积扩大至约6万平方米#,12
#5G建设看铁塔#,12
#中午吃点什么#,12
#国家电网#,12
#火神山医院#,13
#雷神山医院#,13
#将战疫进行到底#,13
#150名解放军医护人员包机飞武汉#,13
#【#,13
#关注新型冠状病毒疫情#,13
##武汉#,13
#武汉卫健委发布病毒性肺炎高发注意事项#,13
#装配式建筑#,13
#制造业崛起#,13
#化工新型材料#,13
#材料小知识#,13
#材料检测#,13
#智能#,13
#武汉加油表情#,13
#小汤山医院#,13
#天岗山医院#,13
#金银潭医院#,13
#科比布莱恩特去世#,13
#科比死了#,13
#新型冠状病毒肺炎#,13
#多地启动一级响应#,13
#四野后代#,13
#新型肺炎已治愈38例#,13
#武汉挺住#,13
#最设计#,13
#LOGO#,13
#猪是深港人#,13
#致敬中国军人#,13
#武汉人夜晚隔空喊话#,13
#共同战役#,13
#直击抗击新型冠状病毒肺炎疫情#,13
#全景快讯#,13
#野生动物#,13
#滚蛋吧新冠肺炎#,13
#武汉现在怎么样了#,13
#决战新冠疫情#,13
#鼠年大吉#,13
#武汉人日记#,13
#武汉肺炎亲历#,13
#中经实时报#,13
#【战“疫”前线！请#,13
#际华家纺#,13
#五星红旗有14亿护旗手#,13
#共战疫情#,13
#大金空调[超话]#,13
#服务一线，联手抗疫#,13
#早安新语#,13
#实拍火神山医院最新进展#,13
#武汉成立疫情防控指挥部#,13
#武汉发现不明原因肺炎#,13
#防控新型冠状病毒肺炎#,13
#德国快报#,13
#山东寿光每天供应600吨蔬菜#,13
#白子解忧铺#,13
#北京赦建火神庙#,13
#500公里高空瞰火神山#,14
#雷神山高清航拍画面#,14
#私房约拍#,14
#少女私房写真集#,14
#青沐私房[超话]#,14
#写真[超话]#,14
#广州约拍[超话]#,14
#上海约拍[超话]#,14
#摄影人[超话]#,14
#vsco[超话]#,14
#中国图库[超话]#,14
#写真#,14
#随手拍#,14
#北京约拍[超话]#,14
#人像摄影#,14
#约拍#,14
#北京约拍互免#,14
#少女写真#,14
#人体摄影师peter[超话]#,14
#私房人体摄影师Peter#,14
#私房摄影peter[超话]#,14
#人体摄影师#,14
#深圳互免约拍#,14
#深圳约拍#,14
#深圳私房摄影#,14
#深圳人体摄影#,14
#深圳约拍[超话]#,14
#北京私房#,14
#摄影推荐#,14
#私房#,14
#私房照#,14
#淡然处之04#,14
#不能把医务人员当机器#,14
#湖南5人聚餐后被确诊为新冠肺炎#,14
#黄冈卫健委#,14
#cars01八卦[超话]#,14
#大主宰新预告#,14
#马云1亿元支持新冠疫苗研发#,14
#城市摄影#,14
#梦之泪伤[超话]#,14
#荷珥萌#,14
#新型肺炎确诊人数超过非典#,15
#全国累计确诊新型肺炎5974例#,15
#一场同学会6人确诊#,15
#3种药物对病毒有较好抑制作用#,15
#金银潭医院院长身患渐冻症#,15
#知网免费开放#,15
#西藏新增1例疑似病例#,15
#海军军医带尿不湿进病房#,15
#雷神山医护人员房间初具规模#,15
#人大附中一家长因新冠肺炎离世#,15
#新加坡民间驰援武汉75000个口罩#,15
#阿联酋发现首例病例#,15
#白俄罗斯派军机向中国运送物资#,15
#3岁以下婴幼儿早教机构暂停线下培训#,15
#陕西出现一名3岁确诊患者#,15
#安徽最小确诊患者仅8个月大#,15
#西安地铁实行乘客实名登记#,15
#重庆首例确诊病例治愈出院#,15
#已有52支医疗队驰援湖北#,15
#航班改落地武汉送94名乘客回家#,15
#一病例曾从北京西站坐地铁到北京南站#,15
#日本确诊大巴司机曾载大连旅行团#,15
#美联航宣布暂停24个中美往返航班#,15
#香港学者初步研制新型冠状病毒疫苗#,15
#疫情最前线#,15
#风视频#,15
#占豪的观点[超话]#,15
#航拍火神山医院建设现场#,15
#武汉病毒所筛出较好抑制病毒药物#,15
#湖北企业复工不早于2月13日#,15
#武汉新冠救治床位紧缺#,15
#直击武汉新冠就医困境#,15
##钟南山#,15
#药物对病毒有较好抑制作用#,15
#新型肺炎患者同程查询#,15
#假期在家能懒到什么程度#,15
#一号哨位[超话]#,15
#魔法仪式#,16
#塔罗占卜#,16
#财运#,16
#神秘学#,16
#八字命理与风水[超话]#,16
#水晶阵#,16
#srt调频[超话]#,16
#魔法仪式[超话]#,16
#魔法仪式及占卜[超话]#,16
#魔法油[超话]#,16
#占星骰子[超话]#,16
#古典占星[超话]#,16
#魔法仪式课程#,16
#水晶手链[超话]#,16
#手工原创水晶手链#,16
#航拍火神山施工现场#,17
#安徽抗击肺炎#,17
#安徽确诊新型肺炎病例#,17
#关注安徽新型肺炎疫情#,17
#我为桐乡代言#,17
#桐心同行#,17
#众志成城抗击新型肺炎#,17
#打赢防疫阻击战#,17
#芜湖在行动#,17
#生活半径在身边#,17
#易经#,18
#风水#,18
#命理#,18
#八卦#,18
#五行#,18
#八字命理占卜算命[超话]#,18
#犯太岁#,18
#兴趣话题词#,18
#成都纹身#,19
#原创纹身#,19
#广州纹身#,19
#纹身#,19
#Tattoo#,19
#刺青#,19
#重庆纹身#,19
#贵州纹身#,19
#疫情防控期间居民用电欠费不停电#,20
#疫情防控期欠费户不停电#,20
#疫情期间居民欠费不停电#,20
#呼和浩特记录#,20
#新型冠状病毒肺炎最新情况#,20
#疫情动态播报#,20
#股票#,21
#股票配资#,21
#线上配资#,21
#上证快讯#,21
#新浪理财师#,21
#微博炒股#,21
#春晚#,22
#赞得福#,22
#肖战春晚#,22
#肖战央视春晚#,22
#武汉市内交通部分解禁#,22
#解盘#,23
#A50#,23
#微博看市#,23
#股市[超话]#,23
#白银#,23
##武汉将建雷神山医院#,24
#火神山和雷神山名称来历#,24
#武汉雷神山应急医院火速开工#,24
#国学知识#,24
#我才是帕格妮妮#,25
#乐高#,25
#圣瓦西里大教堂#,25
#绕线画#,25
#博士爷爷锐评[超话]#,26
#贻林微观察#,26
#全过程工程咨询#,26
#工程造价#,26
#庚子年#,27
#庚子顺意#,27
#立春#,27
#小海天下事#,28
#陆海空医疗大军驰援武汉#,28
#安徽建筑大学[超话]#,28
#上虎扑关注新型冠状病毒肺炎#,29
#上虎扑搜热点话题#,29
#上虎扑关注热点话题#,29
#崇峦解惑[超话]#,30
#易经[超话]#,30
#玄学[超话]#,30
#互联网快讯#,31
#互联网资讯#,31
#互联网[超话]#,31
#五月天#,32
#五月天[超话]#,32
#与思源一起驰援湖北疫情#,32
#紫微斗数[超话]#,33
#星盘[超话]#,33
#面相与命运[超话]#,33
#塔罗牌占卜#,34
#塔罗牌#,34
#塔罗#,34
#为武汉加速#,35
#300套组合式箱房发赴武汉#,35
#钢筋工一家四口齐上火神山#,35
#关注江苏新型肺炎疫情#,36
#苏州身边事#,36
#抗击新型肺炎南京在行动#,36
#绝地求生[超话]#,37
#吃鸡#,37
#pubg[超话]#,37
#论坛说事[超话]#,38
#论坛说事#,38
#财经#,38
#100件爱自己的小事[超话]#,39
#爆米花POI疗愈#,39
#爆米花POI零极限#,39
#吉林头条君[超话]#,40
#吉林头条君#,40
#吉林爆料#,40
#中卫同城#,41
#中卫[超话]#,41
#宁夏约拍#,41
#首批辽宁医疗队137人驰援武汉#,42
#北京137人的医疗队即将出发#,42
#湖南组织137人医疗队驰援湖北#,42
#我们可以为武汉做点什么#,43
#一起练字[超话]#,43
#书写的力量#,43
#看看直播#,44
#防疫抗疫东方在行动#,44
#东方卫视抗疫直播#,44
#小鲁说事#,45
#雷神山医院建设进度实时进展#,45
#CD在现场#,45
#早读新京报#,46
#北京疫情有转入扩散期迹象#,46
#大鱼大肉后如何养护肠胃#,46
#孙燕姿[超话]#,47
#孙燕姿就在日落以前巡回演唱会#,47
#我的偶像是孙燕姿[超话]#,47
#朱元冰[超话]#,48
#陪朱元冰一路繁花似锦#,48
#朱元冰演技派#,48
#青海首例新型肺炎疑似病例#,49
#医护人员把名字写在防护服上#,49
#特殊的年夜饭#,50
#武汉版小汤山工地上的年夜饭#,50
#央视春晚临时增加抗肺炎诗朗诵#,51
#专门医院定名武汉火神山医院#,51
#火神山医院依规选址#,52
#知音湖非武汉水源地#,52
#火神山医院选址非水源地#,53
#火神山医院污水不排湖#,53
#北京累计确诊病例36例#,54
#广东21名医护人员连夜赴武汉#,54
#武汉版小汤山换址消息不实#,55
#周刊君视频#,55
#致敬医护英雄#,56
#夫妻俩的防疫战场#,56
#人人邀请正面外星种族现身.出面消除这次疫情.协助地球与人类顺利扬升到五维.人人活出#,57
#真我本质.这样意识频率.给自己细胞注入新的记忆.每一瞬思想.语言.行为都只表达爱与慈悲#,57
#关注新型冠状病毒肺炎疫情#,58
#新华锐评#,58
#航拍火神山医院建设第二天#,59
#关注新型肺炎疫情#,59
##武汉人夜晚隔空喊话#,60
#微信运动前几名的互删一下#,60
#记者直击武汉战疫Vlog#,61
#封村不拜年不聚会#,61
#新疆话唠哥[超话]#,62
#新疆话唠哥#,62
#30省市自治区启动一级响应#,63
#天津所有公务员停止假期#,63
#狱荐新声#,64
#推歌#,64
#关注新冠肺炎#,65
#武汉加油，浙里挺你#,65
#我瞎说的嗷#,66
##火神山和雷神山名称来历#,66
#新型肺炎疫情快报#,67
#抗击疫情物资供求对接信息#,67
#对疫情感到非常痛心内疚自责#,68
#湖北新型肺炎疫情防控工作发布会#,68
#紧急下达3亿中央预算内投资#,69
#3亿元专项补助火神山和雷神山医院#,69
#发改委下达3亿元支持疫情应对#,70
#紧急下达中央预算内投资3亿元#,70
#鹰见[超话]#,71
#建言献策#,71
#南京身边事#,72
#直南记者在现场#,72
#企业驰援武汉#,73
#科技互联网企业捐赠汇总#,73
#英航视界#,74
#武汉人的朋友圈#,74
#东莞临时防疫医院#,75
#东莞提前交卷#,75
#六爻#,76
#占卜#,76
#湖南防控新型肺炎#,77
#同江同湖同舟共济#,77
#男神养成记[超话]#,78
#男神养成记#,78
#【继续加油！#,79
#】武汉协和医院11名医护人员新型冠状病毒核酸检测转阴；火神山医院开始浇灌首块地坪，临时房已备好；解放军三支援鄂医疗队抵达防疫一线，全面展开救治工作…抗击疫情，这里有50个好消息↓↓↓众志成城，#,79
#防控疫情，郑州在行动#,80
#关注郑州新型肺炎疫情#,80
#浙江企业加班生产火神山医院板材#,81
#杭州爆料#,81
#点赞逆行英雄#,82
#连云港8民工支援火神山医院建设#,82
#高以翔[超话]#,83
#高以翔我们永远不说再见#,83
#赵丽颖[超话]#,84
#赵丽颖冯绍峰捐款武汉#,84
#四川暂停麻将馆营业#,85
#四川暂停麻将馆健身房等营业#,85
#全国累计确诊病例5974例#,86
#全国新增确诊1459例#,86
#编导押题#,87
#编导艺考#,87
#阳光长城慢病防治#,88
#首都除夕护卫健康#,88
#裟椤双树[超话]#,89
#浮生物语[超话]#,89
#雷神山医院连夜施工#,90
#基建狂魔的真相#,90
#开包记#,91
#好物分享#,91
#探访武汉24小时送餐夫妻#,92
#武汉夫妻为医护人员24小时送餐#,92
#看漫画[超话]#,93
#看漫画App#,93
#见证中国速度#,94
#4000万云监工为建设者点赞#,94
#四川汉子志愿投入火神山医院建设#,95
#四川防控新型冠状病毒肺炎#,95
#科幻春晚#,96
#相见欢定律#,96
#费尔南德斯加盟曼联#,97
#曼联足球俱乐部#,97
#治愈出院人数#,98
#贵州首例确诊病例被治愈#,98
#湖北疫情防控发布会#,99
#新冠肺炎疑似病例新增数首次下降#,99
#聚焦新型冠状病毒肺炎#,100
#我们一起守护！#,100
#在北京过大年#,101
#网上望神州#,101
#魔道祖师动画[超话]#,102
#魔道祖师动画#,102
#寻找染病车船飞机乘客#,103
#云南玉溪急寻同行乘客#,103
#新型肺炎疫情防控#,104
#火神山医院排水主管道基本建成#,104
#岳阳爆料#,105
#岳阳舆情通报#,105
#发条微博赞江苏#,106
#江苏企业加班生产物资驰援武汉#,106
#李健[超话]#,107
#不止是李健演唱会#,107
#严禁收寄野生动物#,108
#广州一市场仍在偷卖野生动物#,108
##中建三局#,109
#中国建筑#,109
#中南山打架#,110
#火神山打架#,110
#众志成城河南有情#,111
#豫防公式#,111
#武汉放心，我们一直与你们同在，#,112
#麦飞君的春节抽奖#,113
#江西全力防控新型肺炎#,114
#百万网友在线监工#,115
#万众一心，百毒不侵#,116
#新型肺炎辟谣#,117
#5G直播武汉医院施工现场#,118
